Entity,Year,Occurences,Disorder
480,Belarus,1990,0.27143964,Schizophrenia
481,Belarus,1991,0.2711495,Schizophrenia
482,Belarus,1992,0.27088022,Schizophrenia
483,Belarus,1993,0.27064517,Schizophrenia
484,Belarus,1994,0.27045876,Schizophrenia
485,Belarus,1995,0.27033705,Schizophrenia
486,Belarus,1996,0.27023345,Schizophrenia
487,Belarus,1997,0.27011237,Schizophrenia
488,Belarus,1998,0.2699983,Schizophrenia
489,Belarus,1999,0.2699176,Schizophrenia
490,Belarus,2000,0.26989874,Schizophrenia
491,Belarus,2001,0.2699878,Schizophrenia
492,Belarus,2002,0.27018493,Schizophrenia
493,Belarus,2003,0.2704434,Schizophrenia
494,Belarus,2004,0.27071837,Schizophrenia
495,Belarus,2005,0.27096403,Schizophrenia
496,Belarus,2006,0.27131802,Schizophrenia
497,Belarus,2007,0.27187908,Schizophrenia
498,Belarus,2008,0.27253366,Schizophrenia
499,Belarus,2009,0.27317077,Schizophrenia
500,Belarus,2010,0.27368024,Schizophrenia
501,Belarus,2011,0.2742778,Schizophrenia
502,Belarus,2012,0.27513677,Schizophrenia
503,Belarus,2013,0.27607197,Schizophrenia
504,Belarus,2014,0.2768987,Schizophrenia
505,Belarus,2015,0.2774349,Schizophrenia
506,Belarus,2016,0.27772522,Schizophrenia
507,Belarus,2017,0.27784362,Schizophrenia
508,Belarus,2018,0.27770308,Schizophrenia
509,Belarus,2019,0.2773241,Schizophrenia
1410,Czechia,1990,0.29269975,Schizophrenia
1411,Czechia,1991,0.29261932,Schizophrenia
1412,Czechia,1992,0.29259008,Schizophrenia
1413,Czechia,1993,0.29260004,Schizophrenia
1414,Czechia,1994,0.29263696,Schizophrenia
1415,Czechia,1995,0.29268944,Schizophrenia
1416,Czechia,1996,0.2928375,Schizophrenia
1417,Czechia,1997,0.29311758,Schizophrenia
1418,Czechia,1998,0.2934547,Schizophrenia
1419,Czechia,1999,0.29377267,Schizophrenia
1420,Czechia,2000,0.2939955,Schizophrenia
1421,Czechia,2001,0.29418162,Schizophrenia
1422,Czechia,2002,0.29441285,Schizophrenia
1423,Czechia,2003,0.2946503,Schizophrenia
1424,Czechia,2004,0.29485515,Schizophrenia
1425,Czechia,2005,0.29498923,Schizophrenia
1426,Czechia,2006,0.2950909,Schizophrenia
1427,Czechia,2007,0.2952128,Schizophrenia
1428,Czechia,2008,0.29534134,Schizophrenia
1429,Czechia,2009,0.2954636,Schizophrenia
1430,Czechia,2010,0.29556757,Schizophrenia
1431,Czechia,2011,0.29570618,Schizophrenia
1432,Czechia,2012,0.29591092,Schizophrenia
1433,Czechia,2013,0.29614052,Schizophrenia
1434,Czechia,2014,0.29635313,Schizophrenia
1435,Czechia,2015,0.2965073,Schizophrenia
1436,Czechia,2016,0.2968482,Schizophrenia
1437,Czechia,2017,0.2971475,Schizophrenia
1438,Czechia,2018,0.29701176,Schizophrenia
1439,Czechia,2019,0.29657868,Schizophrenia
2070,Germany,1990,0.26181987,Schizophrenia
2071,Germany,1991,0.26178813,Schizophrenia
2072,Germany,1992,0.2617403,Schizophrenia
2073,Germany,1993,0.261681,Schizophrenia
2074,Germany,1994,0.26161164,Schizophrenia
2075,Germany,1995,0.26154324,Schizophrenia
2076,Germany,1996,0.26144016,Schizophrenia
2077,Germany,1997,0.2612771,Schizophrenia
2078,Germany,1998,0.2610822,Schizophrenia
2079,Germany,1999,0.26088598,Schizophrenia
2080,Germany,2000,0.2607296,Schizophrenia
2081,Germany,2001,0.2604061,Schizophrenia
2082,Germany,2002,0.25980777,Schizophrenia
2083,Germany,2003,0.2591246,Schizophrenia
2084,Germany,2004,0.25854585,Schizophrenia
2085,Germany,2005,0.25826865,Schizophrenia
2086,Germany,2006,0.25824082,Schizophrenia
2087,Germany,2007,0.25826615,Schizophrenia
2088,Germany,2008,0.25832802,Schizophrenia
2089,Germany,2009,0.2584109,Schizophrenia
2090,Germany,2010,0.25850472,Schizophrenia
2091,Germany,2011,0.2586014,Schizophrenia
2092,Germany,2012,0.2586948,Schizophrenia
2093,Germany,2013,0.2588036,Schizophrenia
2094,Germany,2014,0.25894794,Schizophrenia
2095,Germany,2015,0.2591541,Schizophrenia
2096,Germany,2016,0.26047474,Schizophrenia
2097,Germany,2017,0.2618145,Schizophrenia
2098,Germany,2018,0.2623118,Schizophrenia
2099,Germany,2019,0.26269624,Schizophrenia
3150,Lithuania,1990,0.28088772,Schizophrenia
3151,Lithuania,1991,0.27996296,Schizophrenia
3152,Lithuania,1992,0.27916038,Schizophrenia
3153,Lithuania,1993,0.2785139,Schizophrenia
3154,Lithuania,1994,0.27805796,Schizophrenia
3155,Lithuania,1995,0.27782843,Schizophrenia
3156,Lithuania,1996,0.277814,Schizophrenia
3157,Lithuania,1997,0.27793923,Schizophrenia
3158,Lithuania,1998,0.27814296,Schizophrenia
3159,Lithuania,1999,0.27836394,Schizophrenia
3160,Lithuania,2000,0.27854154,Schizophrenia
3161,Lithuania,2001,0.27882904,Schizophrenia
3162,Lithuania,2002,0.27933997,Schizophrenia
3163,Lithuania,2003,0.27995372,Schizophrenia
3164,Lithuania,2004,0.28054768,Schizophrenia
3165,Lithuania,2005,0.2809983,Schizophrenia
3166,Lithuania,2006,0.2813622,Schizophrenia
3167,Lithuania,2007,0.2817654,Schizophrenia
3168,Lithuania,2008,0.2821896,Schizophrenia
3169,Lithuania,2009,0.2826187,Schizophrenia
3170,Lithuania,2010,0.28303212,Schizophrenia
3171,Lithuania,2011,0.2836198,Schizophrenia
3172,Lithuania,2012,0.28447652,Schizophrenia
3173,Lithuania,2013,0.28543663,Schizophrenia
3174,Lithuania,2014,0.2863374,Schizophrenia
3175,Lithuania,2015,0.2870162,Schizophrenia
3176,Lithuania,2016,0.28790364,Schizophrenia
3177,Lithuania,2017,0.28860536,Schizophrenia
3178,Lithuania,2018,0.2886631,Schizophrenia
3179,Lithuania,2019,0.2884198,Schizophrenia
4470,Poland,1990,0.28482124,Schizophrenia
4471,Poland,1991,0.2850058,Schizophrenia
4472,Poland,1992,0.28523713,Schizophrenia
4473,Poland,1993,0.28548315,Schizophrenia
4474,Poland,1994,0.28571063,Schizophrenia
4475,Poland,1995,0.2858863,Schizophrenia
4476,Poland,1996,0.28615814,Schizophrenia
4477,Poland,1997,0.28662294,Schizophrenia
4478,Poland,1998,0.2871698,Schizophrenia
4479,Poland,1999,0.28768805,Schizophrenia
4480,Poland,2000,0.2880676,Schizophrenia
4481,Poland,2001,0.28838763,Schizophrenia
4482,Poland,2002,0.2887692,Schizophrenia
4483,Poland,2003,0.28916383,Schizophrenia
4484,Poland,2004,0.28952307,Schizophrenia
4485,Poland,2005,0.2897989,Schizophrenia
4486,Poland,2006,0.29007557,Schizophrenia
4487,Poland,2007,0.29043695,Schizophrenia
4488,Poland,2008,0.29083458,Schizophrenia
4489,Poland,2009,0.2912203,Schizophrenia
4490,Poland,2010,0.2915458,Schizophrenia
4491,Poland,2011,0.291965,Schizophrenia
4492,Poland,2012,0.2925741,Schizophrenia
4493,Poland,2013,0.29323727,Schizophrenia
4494,Poland,2014,0.29381895,Schizophrenia
4495,Poland,2015,0.29418284,Schizophrenia
4496,Poland,2016,0.29407313,Schizophrenia
4497,Poland,2017,0.2939007,Schizophrenia
4498,Poland,2018,0.29409933,Schizophrenia
4499,Poland,2019,0.2945265,Schizophrenia
4620,Russia,1990,0.28009927,Schizophrenia
4621,Russia,1991,0.27980283,Schizophrenia
4622,Russia,1992,0.27946213,Schizophrenia
4623,Russia,1993,0.27908698,Schizophrenia
4624,Russia,1994,0.27870622,Schizophrenia
4625,Russia,1995,0.27835354,Schizophrenia
4626,Russia,1996,0.27784434,Schizophrenia
4627,Russia,1997,0.27710232,Schizophrenia
4628,Russia,1998,0.27631456,Schizophrenia
4629,Russia,1999,0.27568105,Schizophrenia
4630,Russia,2000,0.27540407,Schizophrenia
4631,Russia,2001,0.2754816,Schizophrenia
4632,Russia,2002,0.27572984,Schizophrenia
4633,Russia,2003,0.27607042,Schizophrenia
4634,Russia,2004,0.27643642,Schizophrenia
4635,Russia,2005,0.27675995,Schizophrenia
4636,Russia,2006,0.27717954,Schizophrenia
4637,Russia,2007,0.27780312,Schizophrenia
4638,Russia,2008,0.27850685,Schizophrenia
4639,Russia,2009,0.27917835,Schizophrenia
4640,Russia,2010,0.27970508,Schizophrenia
4641,Russia,2011,0.28022552,Schizophrenia
4642,Russia,2012,0.2808793,Schizophrenia
4643,Russia,2013,0.28154734,Schizophrenia
4644,Russia,2014,0.2821191,Schizophrenia
4645,Russia,2015,0.28248546,Schizophrenia
4646,Russia,2016,0.28234234,Schizophrenia
4647,Russia,2017,0.28207,Schizophrenia
4648,Russia,2018,0.28196478,Schizophrenia
4649,Russia,2019,0.281813,Schizophrenia
5040,Slovakia,1990,0.2887255,Schizophrenia
5041,Slovakia,1991,0.28833556,Schizophrenia
5042,Slovakia,1992,0.2880517,Schizophrenia
5043,Slovakia,1993,0.2878708,Schizophrenia
5044,Slovakia,1994,0.2877899,Schizophrenia
5045,Slovakia,1995,0.28780612,Schizophrenia
5046,Slovakia,1996,0.2880282,Schizophrenia
5047,Slovakia,1997,0.2884739,Schizophrenia
5048,Slovakia,1998,0.289003,Schizophrenia
5049,Slovakia,1999,0.28947645,Schizophrenia
5050,Slovakia,2000,0.28975654,Schizophrenia
5051,Slovakia,2001,0.28984782,Schizophrenia
5052,Slovakia,2002,0.28988153,Schizophrenia
5053,Slovakia,2003,0.28990924,Schizophrenia
5054,Slovakia,2004,0.28998363,Schizophrenia
5055,Slovakia,2005,0.29015675,Schizophrenia
5056,Slovakia,2006,0.29061568,Schizophrenia
5057,Slovakia,2007,0.2913802,Schizophrenia
5058,Slovakia,2008,0.2922494,Schizophrenia
5059,Slovakia,2009,0.2930242,Schizophrenia
5060,Slovakia,2010,0.29350546,Schizophrenia
5061,Slovakia,2011,0.29375234,Schizophrenia
5062,Slovakia,2012,0.293966,Schizophrenia
5063,Slovakia,2013,0.2941598,Schizophrenia
5064,Slovakia,2014,0.29434726,Schizophrenia
5065,Slovakia,2015,0.29454166,Schizophrenia
5066,Slovakia,2016,0.29527995,Schizophrenia
5067,Slovakia,2017,0.29598767,Schizophrenia
5068,Slovakia,2018,0.29599878,Schizophrenia
5069,Slovakia,2019,0.29567876,Schizophrenia
5850,Ukraine,1990,0.276157,Schizophrenia
5851,Ukraine,1991,0.2753881,Schizophrenia
5852,Ukraine,1992,0.27462083,Schizophrenia
5853,Ukraine,1993,0.27389178,Schizophrenia
5854,Ukraine,1994,0.27323958,Schizophrenia
5855,Ukraine,1995,0.27269906,Schizophrenia
5856,Ukraine,1996,0.2721024,Schizophrenia
5857,Ukraine,1997,0.27135485,Schizophrenia
5858,Ukraine,1998,0.27060363,Schizophrenia
5859,Ukraine,1999,0.26999685,Schizophrenia
5860,Ukraine,2000,0.26967925,Schizophrenia
5861,Ukraine,2001,0.26961565,Schizophrenia
5862,Ukraine,2002,0.26964414,Schizophrenia
5863,Ukraine,2003,0.26972553,Schizophrenia
5864,Ukraine,2004,0.26982307,Schizophrenia
5865,Ukraine,2005,0.26989645,Schizophrenia
5866,Ukraine,2006,0.2699782,Schizophrenia
5867,Ukraine,2007,0.27010795,Schizophrenia
5868,Ukraine,2008,0.27026373,Schizophrenia
5869,Ukraine,2009,0.27042964,Schizophrenia
5870,Ukraine,2010,0.27058375,Schizophrenia
5871,Ukraine,2011,0.27081847,Schizophrenia
5872,Ukraine,2012,0.27117696,Schizophrenia
5873,Ukraine,2013,0.27156687,Schizophrenia
5874,Ukraine,2014,0.2718974,Schizophrenia
5875,Ukraine,2015,0.2720728,Schizophrenia
5876,Ukraine,2016,0.27206576,Schizophrenia
5877,Ukraine,2017,0.27200583,Schizophrenia
5878,Ukraine,2018,0.2718183,Schizophrenia
5879,Ukraine,2019,0.27143335,Schizophrenia
480,Belarus,1990,3.9234912,Depressive
481,Belarus,1991,3.9342315,Depressive
482,Belarus,1992,3.9475007,Depressive
483,Belarus,1993,3.9631433,Depressive
484,Belarus,1994,3.9778185,Depressive
485,Belarus,1995,3.9915447,Depressive
486,Belarus,1996,4.009399,Depressive
487,Belarus,1997,4.034576,Depressive
488,Belarus,1998,4.0586615,Depressive
489,Belarus,1999,4.0794196,Depressive
490,Belarus,2000,4.0918536,Depressive
491,Belarus,2001,4.0966105,Depressive
492,Belarus,2002,4.1028614,Depressive
493,Belarus,2003,4.103709,Depressive
494,Belarus,2004,4.104315,Depressive
495,Belarus,2005,4.0988197,Depressive
496,Belarus,2006,4.078114,Depressive
497,Belarus,2007,4.041458,Depressive
498,Belarus,2008,3.99703,Depressive
499,Belarus,2009,3.9585407,Depressive
500,Belarus,2010,3.9347,Depressive
501,Belarus,2011,3.922725,Depressive
502,Belarus,2012,3.9135807,Depressive
503,Belarus,2013,3.904299,Depressive
504,Belarus,2014,3.8970487,Depressive
505,Belarus,2015,3.8928354,Depressive
506,Belarus,2016,3.8953915,Depressive
507,Belarus,2017,3.8943806,Depressive
508,Belarus,2018,3.870581,Depressive
509,Belarus,2019,3.824539,Depressive
1410,Czechia,1990,3.281648,Depressive
1411,Czechia,1991,3.2821097,Depressive
1412,Czechia,1992,3.2800333,Depressive
1413,Czechia,1993,3.273265,Depressive
1414,Czechia,1994,3.2643871,Depressive
1415,Czechia,1995,3.254066,Depressive
1416,Czechia,1996,3.2359056,Depressive
1417,Czechia,1997,3.2054334,Depressive
1418,Czechia,1998,3.1696072,Depressive
1419,Czechia,1999,3.134626,Depressive
1420,Czechia,2000,3.1078284,Depressive
1421,Czechia,2001,3.0879393,Depressive
1422,Czechia,2002,3.0685062,Depressive
1423,Czechia,2003,3.0513275,Depressive
1424,Czechia,2004,3.0343375,Depressive
1425,Czechia,2005,3.0188644,Depressive
1426,Czechia,2006,3.0022566,Depressive
1427,Czechia,2007,2.9856079,Depressive
1428,Czechia,2008,2.9686456,Depressive
1429,Czechia,2009,2.9530962,Depressive
1430,Czechia,2010,2.9410903,Depressive
1431,Czechia,2011,2.928001,Depressive
1432,Czechia,2012,2.9136982,Depressive
1433,Czechia,2013,2.8993616,Depressive
1434,Czechia,2014,2.8871071,Depressive
1435,Czechia,2015,2.8789806,Depressive
1436,Czechia,2016,2.8781762,Depressive
1437,Czechia,2017,2.8795915,Depressive
1438,Czechia,2018,2.8781662,Depressive
1439,Czechia,2019,2.878852,Depressive
2070,Germany,1990,3.1874387,Depressive
2071,Germany,1991,3.1779912,Depressive
2072,Germany,1992,3.1708431,Depressive
2073,Germany,1993,3.1647382,Depressive
2074,Germany,1994,3.1584985,Depressive
2075,Germany,1995,3.154968,Depressive
2076,Germany,1996,3.1501465,Depressive
2077,Germany,1997,3.1498163,Depressive
2078,Germany,1998,3.149625,Depressive
2079,Germany,1999,3.1518269,Depressive
2080,Germany,2000,3.1580033,Depressive
2081,Germany,2001,3.1938353,Depressive
2082,Germany,2002,3.2658777,Depressive
2083,Germany,2003,3.3483357,Depressive
2084,Germany,2004,3.41829,Depressive
2085,Germany,2005,3.4491034,Depressive
2086,Germany,2006,3.4561625,Depressive
2087,Germany,2007,3.4692407,Depressive
2088,Germany,2008,3.488274,Depressive
2089,Germany,2009,3.5011506,Depressive
2090,Germany,2010,3.5041263,Depressive
2091,Germany,2011,3.5028772,Depressive
2092,Germany,2012,3.5033655,Depressive
2093,Germany,2013,3.4999578,Depressive
2094,Germany,2014,3.5008144,Depressive
2095,Germany,2015,3.501964,Depressive
2096,Germany,2016,3.4886234,Depressive
2097,Germany,2017,3.461354,Depressive
2098,Germany,2018,3.4255924,Depressive
2099,Germany,2019,3.3767943,Depressive
3150,Lithuania,1990,4.2587194,Depressive
3151,Lithuania,1991,4.262211,Depressive
3152,Lithuania,1992,4.2694035,Depressive
3153,Lithuania,1993,4.2770348,Depressive
3154,Lithuania,1994,4.2860475,Depressive
3155,Lithuania,1995,4.2950745,Depressive
3156,Lithuania,1996,4.3099155,Depressive
3157,Lithuania,1997,4.3334045,Depressive
3158,Lithuania,1998,4.357567,Depressive
3159,Lithuania,1999,4.3759794,Depressive
3160,Lithuania,2000,4.382294,Depressive
3161,Lithuania,2001,4.3707905,Depressive
3162,Lithuania,2002,4.34188,Depressive
3163,Lithuania,2003,4.3060923,Depressive
3164,Lithuania,2004,4.270716,Depressive
3165,Lithuania,2005,4.244599,Depressive
3166,Lithuania,2006,4.2192597,Depressive
3167,Lithuania,2007,4.1912293,Depressive
3168,Lithuania,2008,4.163176,Depressive
3169,Lithuania,2009,4.136793,Depressive
3170,Lithuania,2010,4.1161327,Depressive
3171,Lithuania,2011,4.097671,Depressive
3172,Lithuania,2012,4.073483,Depressive
3173,Lithuania,2013,4.04753,Depressive
3174,Lithuania,2014,4.026949,Depressive
3175,Lithuania,2015,4.012482,Depressive
3176,Lithuania,2016,4.0095606,Depressive
3177,Lithuania,2017,4.0082264,Depressive
3178,Lithuania,2018,4.0025206,Depressive
3179,Lithuania,2019,3.9911947,Depressive
4470,Poland,1990,2.279973,Depressive
4471,Poland,1991,2.282644,Depressive
4472,Poland,1992,2.2851567,Depressive
4473,Poland,1993,2.2881339,Depressive
4474,Poland,1994,2.2906184,Depressive
4475,Poland,1995,2.2928047,Depressive
4476,Poland,1996,2.295819,Depressive
4477,Poland,1997,2.3001008,Depressive
4478,Poland,1998,2.3044722,Depressive
4479,Poland,1999,2.3070683,Depressive
4480,Poland,2000,2.3073173,Depressive
4481,Poland,2001,2.2902215,Depressive
4482,Poland,2002,2.2518246,Depressive
4483,Poland,2003,2.205623,Depressive
4484,Poland,2004,2.1651654,Depressive
4485,Poland,2005,2.1439219,Depressive
4486,Poland,2006,2.1378796,Depressive
4487,Poland,2007,2.1332617,Depressive
4488,Poland,2008,2.1296732,Depressive
4489,Poland,2009,2.1269224,Depressive
4490,Poland,2010,2.1246493,Depressive
4491,Poland,2011,2.1224542,Depressive
4492,Poland,2012,2.118935,Depressive
4493,Poland,2013,2.1157718,Depressive
4494,Poland,2014,2.11352,Depressive
4495,Poland,2015,2.1118062,Depressive
4496,Poland,2016,2.1114995,Depressive
4497,Poland,2017,2.1144452,Depressive
4498,Poland,2018,2.1671112,Depressive
4499,Poland,2019,2.2779574,Depressive
4620,Russia,1990,3.241062,Depressive
4621,Russia,1991,3.258231,Depressive
4622,Russia,1992,3.27202,Depressive
4623,Russia,1993,3.2835665,Depressive
4624,Russia,1994,3.2927015,Depressive
4625,Russia,1995,3.2996657,Depressive
4626,Russia,1996,3.3023443,Depressive
4627,Russia,1997,3.299733,Depressive
4628,Russia,1998,3.2938154,Depressive
4629,Russia,1999,3.2857587,Depressive
4630,Russia,2000,3.277789,Depressive
4631,Russia,2001,3.265066,Depressive
4632,Russia,2002,3.2450867,Depressive
4633,Russia,2003,3.2212381,Depressive
4634,Russia,2004,3.1969006,Depressive
4635,Russia,2005,3.1754677,Depressive
4636,Russia,2006,3.1515152,Depressive
4637,Russia,2007,3.1209452,Depressive
4638,Russia,2008,3.0901327,Depressive
4639,Russia,2009,3.0647538,Depressive
4640,Russia,2010,3.0503109,Depressive
4641,Russia,2011,3.0531652,Depressive
4642,Russia,2012,3.0691469,Depressive
4643,Russia,2013,3.0906923,Depressive
4644,Russia,2014,3.1089082,Depressive
4645,Russia,2015,3.1158228,Depressive
4646,Russia,2016,3.1153,Depressive
4647,Russia,2017,3.1131277,Depressive
4648,Russia,2018,3.1021059,Depressive
4649,Russia,2019,3.0799155,Depressive
5040,Slovakia,1990,2.9265432,Depressive
5041,Slovakia,1991,2.926137,Depressive
5042,Slovakia,1992,2.9223967,Depressive
5043,Slovakia,1993,2.919811,Depressive
5044,Slovakia,1994,2.9156985,Depressive
5045,Slovakia,1995,2.9127612,Depressive
5046,Slovakia,1996,2.90875,Depressive
5047,Slovakia,1997,2.9024482,Depressive
5048,Slovakia,1998,2.8958678,Depressive
5049,Slovakia,1999,2.8871415,Depressive
5050,Slovakia,2000,2.877292,Depressive
5051,Slovakia,2001,2.8680182,Depressive
5052,Slovakia,2002,2.859049,Depressive
5053,Slovakia,2003,2.8473759,Depressive
5054,Slovakia,2004,2.8349662,Depressive
5055,Slovakia,2005,2.822717,Depressive
5056,Slovakia,2006,2.8081121,Depressive
5057,Slovakia,2007,2.7911031,Depressive
5058,Slovakia,2008,2.773399,Depressive
5059,Slovakia,2009,2.7572942,Depressive
5060,Slovakia,2010,2.742725,Depressive
5061,Slovakia,2011,2.7322502,Depressive
5062,Slovakia,2012,2.7200491,Depressive
5063,Slovakia,2013,2.7100556,Depressive
5064,Slovakia,2014,2.702602,Depressive
5065,Slovakia,2015,2.6960647,Depressive
5066,Slovakia,2016,2.6932156,Depressive
5067,Slovakia,2017,2.6921725,Depressive
5068,Slovakia,2018,2.692408,Depressive
5069,Slovakia,2019,2.695262,Depressive
5850,Ukraine,1990,4.2648845,Depressive
5851,Ukraine,1991,4.328565,Depressive
5852,Ukraine,1992,4.387335,Depressive
5853,Ukraine,1993,4.437566,Depressive
5854,Ukraine,1994,4.4742236,Depressive
5855,Ukraine,1995,4.4943957,Depressive
5856,Ukraine,1996,4.505719,Depressive
5857,Ukraine,1997,4.5185413,Depressive
5858,Ukraine,1998,4.526868,Depressive
5859,Ukraine,1999,4.531305,Depressive
5860,Ukraine,2000,4.526951,Depressive
5861,Ukraine,2001,4.506401,Depressive
5862,Ukraine,2002,4.467858,Depressive
5863,Ukraine,2003,4.4177523,Depressive
5864,Ukraine,2004,4.362677,Depressive
5865,Ukraine,2005,4.315122,Depressive
5866,Ukraine,2006,4.265765,Depressive
5867,Ukraine,2007,4.207717,Depressive
5868,Ukraine,2008,4.152111,Depressive
5869,Ukraine,2009,4.101679,Depressive
5870,Ukraine,2010,4.0636315,Depressive
5871,Ukraine,2011,4.0276003,Depressive
5872,Ukraine,2012,3.9822237,Depressive
5873,Ukraine,2013,3.9361966,Depressive
5874,Ukraine,2014,3.9005053,Depressive
5875,Ukraine,2015,3.8831425,Depressive
5876,Ukraine,2016,3.8882422,Depressive
5877,Ukraine,2017,3.895252,Depressive
5878,Ukraine,2018,3.8966324,Depressive
5879,Ukraine,2019,3.8973033,Depressive
480,Belarus,1990,3.531769,Anxiety
481,Belarus,1991,3.531525,Anxiety
482,Belarus,1992,3.531061,Anxiety
483,Belarus,1993,3.530581,Anxiety
484,Belarus,1994,3.5299604,Anxiety
485,Belarus,1995,3.529267,Anxiety
486,Belarus,1996,3.528272,Anxiety
487,Belarus,1997,3.5268185,Anxiety
488,Belarus,1998,3.5253568,Anxiety
489,Belarus,1999,3.5240104,Anxiety
490,Belarus,2000,3.5228252,Anxiety
491,Belarus,2001,3.521141,Anxiety
492,Belarus,2002,3.51859,Anxiety
493,Belarus,2003,3.5159032,Anxiety
494,Belarus,2004,3.513435,Anxiety
495,Belarus,2005,3.5119147,Anxiety
496,Belarus,2006,3.5106103,Anxiety
497,Belarus,2007,3.508245,Anxiety
498,Belarus,2008,3.5057619,Anxiety
499,Belarus,2009,3.503633,Anxiety
500,Belarus,2010,3.5022798,Anxiety
501,Belarus,2011,3.5010548,Anxiety
502,Belarus,2012,3.4986422,Anxiety
503,Belarus,2013,3.4958112,Anxiety
504,Belarus,2014,3.4930503,Anxiety
505,Belarus,2015,3.490736,Anxiety
506,Belarus,2016,3.4861212,Anxiety
507,Belarus,2017,3.4813712,Anxiety
508,Belarus,2018,3.4809403,Anxiety
509,Belarus,2019,3.4831994,Anxiety
1410,Czechia,1990,3.1935306,Anxiety
1411,Czechia,1991,3.198445,Anxiety
1412,Czechia,1992,3.2025268,Anxiety
1413,Czechia,1993,3.205569,Anxiety
1414,Czechia,1994,3.2073321,Anxiety
1415,Czechia,1995,3.2076206,Anxiety
1416,Czechia,1996,3.2066605,Anxiety
1417,Czechia,1997,3.204936,Anxiety
1418,Czechia,1998,3.2027829,Anxiety
1419,Czechia,1999,3.200609,Anxiety
1420,Czechia,2000,3.1987855,Anxiety
1421,Czechia,2001,3.1971798,Anxiety
1422,Czechia,2002,3.1954782,Anxiety
1423,Czechia,2003,3.1938188,Anxiety
1424,Czechia,2004,3.1922584,Anxiety
1425,Czechia,2005,3.1907578,Anxiety
1426,Czechia,2006,3.189479,Anxiety
1427,Czechia,2007,3.1884825,Anxiety
1428,Czechia,2008,3.187546,Anxiety
1429,Czechia,2009,3.1864562,Anxiety
1430,Czechia,2010,3.184955,Anxiety
1431,Czechia,2011,3.1822746,Anxiety
1432,Czechia,2012,3.1782794,Anxiety
1433,Czechia,2013,3.1735919,Anxiety
1434,Czechia,2014,3.1688817,Anxiety
1435,Czechia,2015,3.1647387,Anxiety
1436,Czechia,2016,3.1530337,Anxiety
1437,Czechia,2017,3.1426318,Anxiety
1438,Czechia,2018,3.1446435,Anxiety
1439,Czechia,2019,3.1539073,Anxiety
2070,Germany,1990,5.887693,Anxiety
2071,Germany,1991,5.955482,Anxiety
2072,Germany,1992,6.014791,Anxiety
2073,Germany,1993,6.0631056,Anxiety
2074,Germany,1994,6.096981,Anxiety
2075,Germany,1995,6.1131544,Anxiety
2076,Germany,1996,6.114999,Anxiety
2077,Germany,1997,6.109635,Anxiety
2078,Germany,1998,6.0995073,Anxiety
2079,Germany,1999,6.0871043,Anxiety
2080,Germany,2000,6.0752563,Anxiety
2081,Germany,2001,6.06614,Anxiety
2082,Germany,2002,6.0599575,Anxiety
2083,Germany,2003,6.0558968,Anxiety
2084,Germany,2004,6.052996,Anxiety
2085,Germany,2005,6.05086,Anxiety
2086,Germany,2006,6.06325,Anxiety
2087,Germany,2007,6.0962496,Anxiety
2088,Germany,2008,6.13726,Anxiety
2089,Germany,2009,6.1738863,Anxiety
2090,Germany,2010,6.194222,Anxiety
2091,Germany,2011,6.2050614,Anxiety
2092,Germany,2012,6.217795,Anxiety
2093,Germany,2013,6.2289786,Anxiety
2094,Germany,2014,6.2353673,Anxiety
2095,Germany,2015,6.2348394,Anxiety
2096,Germany,2016,6.2234306,Anxiety
2097,Germany,2017,6.2104564,Anxiety
2098,Germany,2018,6.2064977,Anxiety
2099,Germany,2019,6.208145,Anxiety
3150,Lithuania,1990,4.2705626,Anxiety
3151,Lithuania,1991,4.271901,Anxiety
3152,Lithuania,1992,4.2739005,Anxiety
3153,Lithuania,1993,4.2763233,Anxiety
3154,Lithuania,1994,4.278836,Anxiety
3155,Lithuania,1995,4.280793,Anxiety
3156,Lithuania,1996,4.2947025,Anxiety
3157,Lithuania,1997,4.32589,Anxiety
3158,Lithuania,1998,4.362749,Anxiety
3159,Lithuania,1999,4.3936086,Anxiety
3160,Lithuania,2000,4.4068255,Anxiety
3161,Lithuania,2001,4.407003,Anxiety
3162,Lithuania,2002,4.4067507,Anxiety
3163,Lithuania,2003,4.4060736,Anxiety
3164,Lithuania,2004,4.4051695,Anxiety
3165,Lithuania,2005,4.404439,Anxiety
3166,Lithuania,2006,4.4034615,Anxiety
3167,Lithuania,2007,4.402308,Anxiety
3168,Lithuania,2008,4.400909,Anxiety
3169,Lithuania,2009,4.399466,Anxiety
3170,Lithuania,2010,4.3986974,Anxiety
3171,Lithuania,2011,4.3893685,Anxiety
3172,Lithuania,2012,4.3674273,Anxiety
3173,Lithuania,2013,4.34052,Anxiety
3174,Lithuania,2014,4.3166423,Anxiety
3175,Lithuania,2015,4.3036847,Anxiety
3176,Lithuania,2016,4.283735,Anxiety
3177,Lithuania,2017,4.2624903,Anxiety
3178,Lithuania,2018,4.255839,Anxiety
3179,Lithuania,2019,4.2541876,Anxiety
4470,Poland,1990,3.11552,Anxiety
4471,Poland,1991,3.1177778,Anxiety
4472,Poland,1992,3.1198978,Anxiety
4473,Poland,1993,3.1215782,Anxiety
4474,Poland,1994,3.122654,Anxiety
4475,Poland,1995,3.123217,Anxiety
4476,Poland,1996,3.123788,Anxiety
4477,Poland,1997,3.1245387,Anxiety
4478,Poland,1998,3.125226,Anxiety
4479,Poland,1999,3.125532,Anxiety
4480,Poland,2000,3.1251338,Anxiety
4481,Poland,2001,3.1236281,Anxiety
4482,Poland,2002,3.1212137,Anxiety
4483,Poland,2003,3.1185129,Anxiety
4484,Poland,2004,3.1161613,Anxiety
4485,Poland,2005,3.1148078,Anxiety
4486,Poland,2006,3.1149752,Anxiety
4487,Poland,2007,3.1162524,Anxiety
4488,Poland,2008,3.1178298,Anxiety
4489,Poland,2009,3.1188688,Anxiety
4490,Poland,2010,3.1186213,Anxiety
4491,Poland,2011,3.1162906,Anxiety
4492,Poland,2012,3.1121585,Anxiety
4493,Poland,2013,3.1070929,Anxiety
4494,Poland,2014,3.1019056,Anxiety
4495,Poland,2015,3.0975196,Anxiety
4496,Poland,2016,3.0851579,Anxiety
4497,Poland,2017,3.0739503,Anxiety
4498,Poland,2018,3.0749567,Anxiety
4499,Poland,2019,3.082497,Anxiety
4620,Russia,1990,3.1702216,Anxiety
4621,Russia,1991,3.1688678,Anxiety
4622,Russia,1992,3.167355,Anxiety
4623,Russia,1993,3.1666431,Anxiety
4624,Russia,1994,3.1663897,Anxiety
4625,Russia,1995,3.166244,Anxiety
4626,Russia,1996,3.1651385,Anxiety
4627,Russia,1997,3.1628475,Anxiety
4628,Russia,1998,3.1605256,Anxiety
4629,Russia,1999,3.15852,Anxiety
4630,Russia,2000,3.1574104,Anxiety
4631,Russia,2001,3.1562889,Anxiety
4632,Russia,2002,3.154534,Anxiety
4633,Russia,2003,3.1530912,Anxiety
4634,Russia,2004,3.151803,Anxiety
4635,Russia,2005,3.1509013,Anxiety
4636,Russia,2006,3.1494207,Anxiety
4637,Russia,2007,3.146745,Anxiety
4638,Russia,2008,3.144317,Anxiety
4639,Russia,2009,3.1423109,Anxiety
4640,Russia,2010,3.1410604,Anxiety
4641,Russia,2011,3.1408744,Anxiety
4642,Russia,2012,3.1413288,Anxiety
4643,Russia,2013,3.142499,Anxiety
4644,Russia,2014,3.1434622,Anxiety
4645,Russia,2015,3.143293,Anxiety
4646,Russia,2016,3.1418722,Anxiety
4647,Russia,2017,3.1396313,Anxiety
4648,Russia,2018,3.1370676,Anxiety
4649,Russia,2019,3.1336958,Anxiety
5040,Slovakia,1990,3.4548378,Anxiety
5041,Slovakia,1991,3.4567719,Anxiety
5042,Slovakia,1992,3.4586635,Anxiety
5043,Slovakia,1993,3.4603515,Anxiety
5044,Slovakia,1994,3.461601,Anxiety
5045,Slovakia,1995,3.4624782,Anxiety
5046,Slovakia,1996,3.4639943,Anxiety
5047,Slovakia,1997,3.4664793,Anxiety
5048,Slovakia,1998,3.4692652,Anxiety
5049,Slovakia,1999,3.4715078,Anxiety
5050,Slovakia,2000,3.4723582,Anxiety
5051,Slovakia,2001,3.471976,Anxiety
5052,Slovakia,2002,3.4711547,Anxiety
5053,Slovakia,2003,3.4701512,Anxiety
5054,Slovakia,2004,3.4689987,Anxiety
5055,Slovakia,2005,3.4679728,Anxiety
5056,Slovakia,2006,3.4669056,Anxiety
5057,Slovakia,2007,3.4654307,Anxiety
5058,Slovakia,2008,3.463822,Anxiety
5059,Slovakia,2009,3.4621809,Anxiety
5060,Slovakia,2010,3.4605832,Anxiety
5061,Slovakia,2011,3.457906,Anxiety
5062,Slovakia,2012,3.4534981,Anxiety
5063,Slovakia,2013,3.4483354,Anxiety
5064,Slovakia,2014,3.4433794,Anxiety
5065,Slovakia,2015,3.4395785,Anxiety
5066,Slovakia,2016,3.4296978,Anxiety
5067,Slovakia,2017,3.4204469,Anxiety
5068,Slovakia,2018,3.4206145,Anxiety
5069,Slovakia,2019,3.4256656,Anxiety
5850,Ukraine,1990,3.109182,Anxiety
5851,Ukraine,1991,3.1115975,Anxiety
5852,Ukraine,1992,3.1115282,Anxiety
5853,Ukraine,1993,3.10949,Anxiety
5854,Ukraine,1994,3.1059237,Anxiety
5855,Ukraine,1995,3.1015291,Anxiety
5856,Ukraine,1996,3.0723562,Anxiety
5857,Ukraine,1997,3.0091927,Anxiety
5858,Ukraine,1998,2.934903,Anxiety
5859,Ukraine,1999,2.872401,Anxiety
5860,Ukraine,2000,2.8447585,Anxiety
5861,Ukraine,2001,2.8427632,Anxiety
5862,Ukraine,2002,2.8419838,Anxiety
5863,Ukraine,2003,2.8424397,Anxiety
5864,Ukraine,2004,2.8439982,Anxiety
5865,Ukraine,2005,2.846743,Anxiety
5866,Ukraine,2006,2.8758194,Anxiety
5867,Ukraine,2007,2.9409006,Anxiety
5868,Ukraine,2008,3.0185354,Anxiety
5869,Ukraine,2009,3.084608,Anxiety
5870,Ukraine,2010,3.1155183,Anxiety
5871,Ukraine,2011,3.119328,Anxiety
5872,Ukraine,2012,3.1206193,Anxiety
5873,Ukraine,2013,3.1204603,Anxiety
5874,Ukraine,2014,3.1196063,Anxiety
5875,Ukraine,2015,3.1196241,Anxiety
5876,Ukraine,2016,3.121358,Anxiety
5877,Ukraine,2017,3.1236935,Anxiety
5878,Ukraine,2018,3.1275187,Anxiety
5879,Ukraine,2019,3.133128,Anxiety
480,Belarus,1990,0.5214641,Bipolar
481,Belarus,1991,0.52141404,Bipolar
482,Belarus,1992,0.52136785,Bipolar
483,Belarus,1993,0.52133095,Bipolar
484,Belarus,1994,0.52130306,Bipolar
485,Belarus,1995,0.52128,Bipolar
486,Belarus,1996,0.5212608,Bipolar
487,Belarus,1997,0.5212368,Bipolar
488,Belarus,1998,0.52121997,Bipolar
489,Belarus,1999,0.52121127,Bipolar
490,Belarus,2000,0.52120125,Bipolar
491,Belarus,2001,0.52119553,Bipolar
492,Belarus,2002,0.52119213,Bipolar
493,Belarus,2003,0.52119684,Bipolar
494,Belarus,2004,0.52120095,Bipolar
495,Belarus,2005,0.5212048,Bipolar
496,Belarus,2006,0.52121115,Bipolar
497,Belarus,2007,0.52120125,Bipolar
498,Belarus,2008,0.52119315,Bipolar
499,Belarus,2009,0.52118677,Bipolar
500,Belarus,2010,0.5211785,Bipolar
501,Belarus,2011,0.5211749,Bipolar
502,Belarus,2012,0.5211533,Bipolar
503,Belarus,2013,0.5211224,Bipolar
504,Belarus,2014,0.52108866,Bipolar
505,Belarus,2015,0.52105135,Bipolar
506,Belarus,2016,0.5210136,Bipolar
507,Belarus,2017,0.5209698,Bipolar
508,Belarus,2018,0.52092916,Bipolar
509,Belarus,2019,0.5208894,Bipolar
1410,Czechia,1990,0.5481477,Bipolar
1411,Czechia,1991,0.54813164,Bipolar
1412,Czechia,1992,0.54811156,Bipolar
1413,Czechia,1993,0.5480868,Bipolar
1414,Czechia,1994,0.5480578,Bipolar
1415,Czechia,1995,0.54802376,Bipolar
1416,Czechia,1996,0.54798776,Bipolar
1417,Czechia,1997,0.5479533,Bipolar
1418,Czechia,1998,0.5479171,Bipolar
1419,Czechia,1999,0.5478809,Bipolar
1420,Czechia,2000,0.5478421,Bipolar
1421,Czechia,2001,0.54779845,Bipolar
1422,Czechia,2002,0.5477548,Bipolar
1423,Czechia,2003,0.547713,Bipolar
1424,Czechia,2004,0.5476734,Bipolar
1425,Czechia,2005,0.5476307,Bipolar
1426,Czechia,2006,0.54758173,Bipolar
1427,Czechia,2007,0.547534,Bipolar
1428,Czechia,2008,0.5474897,Bipolar
1429,Czechia,2009,0.5474497,Bipolar
1430,Czechia,2010,0.5474121,Bipolar
1431,Czechia,2011,0.54737437,Bipolar
1432,Czechia,2012,0.54733896,Bipolar
1433,Czechia,2013,0.54730624,Bipolar
1434,Czechia,2014,0.54727674,Bipolar
1435,Czechia,2015,0.54724824,Bipolar
1436,Czechia,2016,0.547219,Bipolar
1437,Czechia,2017,0.5471923,Bipolar
1438,Czechia,2018,0.547169,Bipolar
1439,Czechia,2019,0.54714864,Bipolar
2070,Germany,1990,0.750315,Bipolar
2071,Germany,1991,0.750007,Bipolar
2072,Germany,1992,0.74974173,Bipolar
2073,Germany,1993,0.74956155,Bipolar
2074,Germany,1994,0.7494532,Bipolar
2075,Germany,1995,0.7494107,Bipolar
2076,Germany,1996,0.74941826,Bipolar
2077,Germany,1997,0.7494491,Bipolar
2078,Germany,1998,0.7494874,Bipolar
2079,Germany,1999,0.74952275,Bipolar
2080,Germany,2000,0.7495678,Bipolar
2081,Germany,2001,0.7497514,Bipolar
2082,Germany,2002,0.7501332,Bipolar
2083,Germany,2003,0.7505901,Bipolar
2084,Germany,2004,0.75097585,Bipolar
2085,Germany,2005,0.7511564,Bipolar
2086,Germany,2006,0.7511804,Bipolar
2087,Germany,2007,0.75120103,Bipolar
2088,Germany,2008,0.7512228,Bipolar
2089,Germany,2009,0.7512634,Bipolar
2090,Germany,2010,0.7513417,Bipolar
2091,Germany,2011,0.7512708,Bipolar
2092,Germany,2012,0.7508645,Bipolar
2093,Germany,2013,0.750218,Bipolar
2094,Germany,2014,0.7494602,Bipolar
2095,Germany,2015,0.74880296,Bipolar
2096,Germany,2016,0.74828607,Bipolar
2097,Germany,2017,0.7477406,Bipolar
2098,Germany,2018,0.74727356,Bipolar
2099,Germany,2019,0.7469019,Bipolar
3150,Lithuania,1990,0.5218884,Bipolar
3151,Lithuania,1991,0.52188575,Bipolar
3152,Lithuania,1992,0.5218929,Bipolar
3153,Lithuania,1993,0.5219124,Bipolar
3154,Lithuania,1994,0.5219418,Bipolar
3155,Lithuania,1995,0.5219698,Bipolar
3156,Lithuania,1996,0.5219823,Bipolar
3157,Lithuania,1997,0.5219765,Bipolar
3158,Lithuania,1998,0.52196103,Bipolar
3159,Lithuania,1999,0.52193815,Bipolar
3160,Lithuania,2000,0.5219108,Bipolar
3161,Lithuania,2001,0.5218792,Bipolar
3162,Lithuania,2002,0.5218408,Bipolar
3163,Lithuania,2003,0.5217998,Bipolar
3164,Lithuania,2004,0.52176094,Bipolar
3165,Lithuania,2005,0.52173275,Bipolar
3166,Lithuania,2006,0.521712,Bipolar
3167,Lithuania,2007,0.52169716,Bipolar
3168,Lithuania,2008,0.52168334,Bipolar
3169,Lithuania,2009,0.52166003,Bipolar
3170,Lithuania,2010,0.5216339,Bipolar
3171,Lithuania,2011,0.52160174,Bipolar
3172,Lithuania,2012,0.52156067,Bipolar
3173,Lithuania,2013,0.5215126,Bipolar
3174,Lithuania,2014,0.52145857,Bipolar
3175,Lithuania,2015,0.52140284,Bipolar
3176,Lithuania,2016,0.52134776,Bipolar
3177,Lithuania,2017,0.5212882,Bipolar
3178,Lithuania,2018,0.5212202,Bipolar
3179,Lithuania,2019,0.5211538,Bipolar
4470,Poland,1990,0.5513604,Bipolar
4471,Poland,1991,0.5513702,Bipolar
4472,Poland,1992,0.55138046,Bipolar
4473,Poland,1993,0.5513822,Bipolar
4474,Poland,1994,0.551375,Bipolar
4475,Poland,1995,0.5513657,Bipolar
4476,Poland,1996,0.55135626,Bipolar
4477,Poland,1997,0.55134225,Bipolar
4478,Poland,1998,0.5513267,Bipolar
4479,Poland,1999,0.5513092,Bipolar
4480,Poland,2000,0.55128634,Bipolar
4481,Poland,2001,0.55125815,Bipolar
4482,Poland,2002,0.5512276,Bipolar
4483,Poland,2003,0.55119705,Bipolar
4484,Poland,2004,0.5511684,Bipolar
4485,Poland,2005,0.5511421,Bipolar
4486,Poland,2006,0.5511161,Bipolar
4487,Poland,2007,0.5510904,Bipolar
4488,Poland,2008,0.5510637,Bipolar
4489,Poland,2009,0.5510328,Bipolar
4490,Poland,2010,0.55099785,Bipolar
4491,Poland,2011,0.55096006,Bipolar
4492,Poland,2012,0.5509217,Bipolar
4493,Poland,2013,0.55088454,Bipolar
4494,Poland,2014,0.55084735,Bipolar
4495,Poland,2015,0.5508126,Bipolar
4496,Poland,2016,0.5507802,Bipolar
4497,Poland,2017,0.550749,Bipolar
4498,Poland,2018,0.55071974,Bipolar
4499,Poland,2019,0.5506919,Bipolar
4620,Russia,1990,0.5139285,Bipolar
4621,Russia,1991,0.51388174,Bipolar
4622,Russia,1992,0.51384306,Bipolar
4623,Russia,1993,0.51385534,Bipolar
4624,Russia,1994,0.51390046,Bipolar
4625,Russia,1995,0.51395357,Bipolar
4626,Russia,1996,0.51398164,Bipolar
4627,Russia,1997,0.5139812,Bipolar
4628,Russia,1998,0.5139921,Bipolar
4629,Russia,1999,0.5140139,Bipolar
4630,Russia,2000,0.5140496,Bipolar
4631,Russia,2001,0.5140805,Bipolar
4632,Russia,2002,0.514101,Bipolar
4633,Russia,2003,0.5141444,Bipolar
4634,Russia,2004,0.5141915,Bipolar
4635,Russia,2005,0.5142374,Bipolar
4636,Russia,2006,0.5142662,Bipolar
4637,Russia,2007,0.5142661,Bipolar
4638,Russia,2008,0.51427823,Bipolar
4639,Russia,2009,0.5142891,Bipolar
4640,Russia,2010,0.51429087,Bipolar
4641,Russia,2011,0.51427937,Bipolar
4642,Russia,2012,0.51424986,Bipolar
4643,Russia,2013,0.51423055,Bipolar
4644,Russia,2014,0.5142143,Bipolar
4645,Russia,2015,0.51419336,Bipolar
4646,Russia,2016,0.51416504,Bipolar
4647,Russia,2017,0.5141259,Bipolar
4648,Russia,2018,0.51409256,Bipolar
4649,Russia,2019,0.51406276,Bipolar
5040,Slovakia,1990,0.54316795,Bipolar
5041,Slovakia,1991,0.5431874,Bipolar
5042,Slovakia,1992,0.5432015,Bipolar
5043,Slovakia,1993,0.5432103,Bipolar
5044,Slovakia,1994,0.54321116,Bipolar
5045,Slovakia,1995,0.5432053,Bipolar
5046,Slovakia,1996,0.5431936,Bipolar
5047,Slovakia,1997,0.5431766,Bipolar
5048,Slovakia,1998,0.5431605,Bipolar
5049,Slovakia,1999,0.54314476,Bipolar
5050,Slovakia,2000,0.5431237,Bipolar
5051,Slovakia,2001,0.5430953,Bipolar
5052,Slovakia,2002,0.54306203,Bipolar
5053,Slovakia,2003,0.54302776,Bipolar
5054,Slovakia,2004,0.54298854,Bipolar
5055,Slovakia,2005,0.54294574,Bipolar
5056,Slovakia,2006,0.5429009,Bipolar
5057,Slovakia,2007,0.5428536,Bipolar
5058,Slovakia,2008,0.542808,Bipolar
5059,Slovakia,2009,0.5427626,Bipolar
5060,Slovakia,2010,0.54271483,Bipolar
5061,Slovakia,2011,0.5426656,Bipolar
5062,Slovakia,2012,0.54261553,Bipolar
5063,Slovakia,2013,0.54256624,Bipolar
5064,Slovakia,2014,0.542519,Bipolar
5065,Slovakia,2015,0.5424747,Bipolar
5066,Slovakia,2016,0.54242957,Bipolar
5067,Slovakia,2017,0.5423847,Bipolar
5068,Slovakia,2018,0.5423434,Bipolar
5069,Slovakia,2019,0.54230446,Bipolar
5850,Ukraine,1990,0.5217524,Bipolar
5851,Ukraine,1991,0.52168155,Bipolar
5852,Ukraine,1992,0.52162576,Bipolar
5853,Ukraine,1993,0.52158684,Bipolar
5854,Ukraine,1994,0.52155566,Bipolar
5855,Ukraine,1995,0.52154136,Bipolar
5856,Ukraine,1996,0.521536,Bipolar
5857,Ukraine,1997,0.5215291,Bipolar
5858,Ukraine,1998,0.52152175,Bipolar
5859,Ukraine,1999,0.521512,Bipolar
5860,Ukraine,2000,0.5215153,Bipolar
5861,Ukraine,2001,0.5215194,Bipolar
5862,Ukraine,2002,0.5215242,Bipolar
5863,Ukraine,2003,0.5215347,Bipolar
5864,Ukraine,2004,0.52154255,Bipolar
5865,Ukraine,2005,0.5215573,Bipolar
5866,Ukraine,2006,0.5215627,Bipolar
5867,Ukraine,2007,0.5215657,Bipolar
5868,Ukraine,2008,0.52157444,Bipolar
5869,Ukraine,2009,0.5215634,Bipolar
5870,Ukraine,2010,0.5215375,Bipolar
5871,Ukraine,2011,0.5214986,Bipolar
5872,Ukraine,2012,0.5214586,Bipolar
5873,Ukraine,2013,0.52142155,Bipolar
5874,Ukraine,2014,0.5213799,Bipolar
5875,Ukraine,2015,0.52136177,Bipolar
5876,Ukraine,2016,0.5213581,Bipolar
5877,Ukraine,2017,0.5213512,Bipolar
5878,Ukraine,2018,0.5213445,Bipolar
5879,Ukraine,2019,0.5213342,Bipolar
480,Belarus,1990,0.110925175,Eating
481,Belarus,1991,0.109483406,Eating
482,Belarus,1992,0.107908435,Eating
483,Belarus,1993,0.106690764,Eating
484,Belarus,1994,0.10523516,Eating
485,Belarus,1995,0.10373212,Eating
486,Belarus,1996,0.1025335,Eating
487,Belarus,1997,0.101254396,Eating
488,Belarus,1998,0.1002217,Eating
489,Belarus,1999,0.099186875,Eating
490,Belarus,2000,0.09925466,Eating
491,Belarus,2001,0.099894375,Eating
492,Belarus,2002,0.10093053,Eating
493,Belarus,2003,0.102895,Eating
494,Belarus,2004,0.10501632,Eating
495,Belarus,2005,0.106956296,Eating
496,Belarus,2006,0.109090164,Eating
497,Belarus,2007,0.11159433,Eating
498,Belarus,2008,0.11437235,Eating
499,Belarus,2009,0.11702941,Eating
500,Belarus,2010,0.11944295,Eating
501,Belarus,2011,0.12181314,Eating
502,Belarus,2012,0.12428703,Eating
503,Belarus,2013,0.12694465,Eating
504,Belarus,2014,0.12941444,Eating
505,Belarus,2015,0.13096942,Eating
506,Belarus,2016,0.1318798,Eating
507,Belarus,2017,0.13296206,Eating
508,Belarus,2018,0.13347198,Eating
509,Belarus,2019,0.1341819,Eating
1410,Czechia,1990,0.16470276,Eating
1411,Czechia,1991,0.16391762,Eating
1412,Czechia,1992,0.16335864,Eating
1413,Czechia,1993,0.16265872,Eating
1414,Czechia,1994,0.16245836,Eating
1415,Czechia,1995,0.16238146,Eating
1416,Czechia,1996,0.16273288,Eating
1417,Czechia,1997,0.16290033,Eating
1418,Czechia,1998,0.1633383,Eating
1419,Czechia,1999,0.16408597,Eating
1420,Czechia,2000,0.16465355,Eating
1421,Czechia,2001,0.16572386,Eating
1422,Czechia,2002,0.16692717,Eating
1423,Czechia,2003,0.16895504,Eating
1424,Czechia,2004,0.17094596,Eating
1425,Czechia,2005,0.17273149,Eating
1426,Czechia,2006,0.17460564,Eating
1427,Czechia,2007,0.1769462,Eating
1428,Czechia,2008,0.17907904,Eating
1429,Czechia,2009,0.18075189,Eating
1430,Czechia,2010,0.18253829,Eating
1431,Czechia,2011,0.18335786,Eating
1432,Czechia,2012,0.18419945,Eating
1433,Czechia,2013,0.1849567,Eating
1434,Czechia,2014,0.18563884,Eating
1435,Czechia,2015,0.18666612,Eating
1436,Czechia,2016,0.18728484,Eating
1437,Czechia,2017,0.18837492,Eating
1438,Czechia,2018,0.18993388,Eating
1439,Czechia,2019,0.19224705,Eating
2070,Germany,1990,0.37825215,Eating
2071,Germany,1991,0.38182774,Eating
2072,Germany,1992,0.38432565,Eating
2073,Germany,1993,0.3873852,Eating
2074,Germany,1994,0.38918835,Eating
2075,Germany,1995,0.39057308,Eating
2076,Germany,1996,0.3921777,Eating
2077,Germany,1997,0.39218703,Eating
2078,Germany,1998,0.39156723,Eating
2079,Germany,1999,0.39153993,Eating
2080,Germany,2000,0.3918454,Eating
2081,Germany,2001,0.3935821,Eating
2082,Germany,2002,0.3963269,Eating
2083,Germany,2003,0.3993696,Eating
2084,Germany,2004,0.40170497,Eating
2085,Germany,2005,0.40381622,Eating
2086,Germany,2006,0.40503523,Eating
2087,Germany,2007,0.40610555,Eating
2088,Germany,2008,0.4074173,Eating
2089,Germany,2009,0.40787047,Eating
2090,Germany,2010,0.40967724,Eating
2091,Germany,2011,0.41205332,Eating
2092,Germany,2012,0.41420493,Eating
2093,Germany,2013,0.41666567,Eating
2094,Germany,2014,0.41812757,Eating
2095,Germany,2015,0.420048,Eating
2096,Germany,2016,0.4225094,Eating
2097,Germany,2017,0.42384422,Eating
2098,Germany,2018,0.42474633,Eating
2099,Germany,2019,0.42561316,Eating
3150,Lithuania,1990,0.14434178,Eating
3151,Lithuania,1991,0.14112072,Eating
3152,Lithuania,1992,0.13814504,Eating
3153,Lithuania,1993,0.13555187,Eating
3154,Lithuania,1994,0.13333805,Eating
3155,Lithuania,1995,0.13191152,Eating
3156,Lithuania,1996,0.13098246,Eating
3157,Lithuania,1997,0.12969394,Eating
3158,Lithuania,1998,0.12892629,Eating
3159,Lithuania,1999,0.12810291,Eating
3160,Lithuania,2000,0.12771684,Eating
3161,Lithuania,2001,0.12874645,Eating
3162,Lithuania,2002,0.13103618,Eating
3163,Lithuania,2003,0.1340205,Eating
3164,Lithuania,2004,0.13711841,Eating
3165,Lithuania,2005,0.14002788,Eating
3166,Lithuania,2006,0.142414,Eating
3167,Lithuania,2007,0.14491266,Eating
3168,Lithuania,2008,0.14785065,Eating
3169,Lithuania,2009,0.15004717,Eating
3170,Lithuania,2010,0.1523658,Eating
3171,Lithuania,2011,0.15512528,Eating
3172,Lithuania,2012,0.15736163,Eating
3173,Lithuania,2013,0.15999764,Eating
3174,Lithuania,2014,0.16214956,Eating
3175,Lithuania,2015,0.16478589,Eating
3176,Lithuania,2016,0.16749556,Eating
3177,Lithuania,2017,0.16993928,Eating
3178,Lithuania,2018,0.17151488,Eating
3179,Lithuania,2019,0.17335068,Eating
4470,Poland,1990,0.13007233,Eating
4471,Poland,1991,0.1296061,Eating
4472,Poland,1992,0.129463,Eating
4473,Poland,1993,0.12948725,Eating
4474,Poland,1994,0.12982336,Eating
4475,Poland,1995,0.13015993,Eating
4476,Poland,1996,0.13103867,Eating
4477,Poland,1997,0.13259983,Eating
4478,Poland,1998,0.13466376,Eating
4479,Poland,1999,0.13696864,Eating
4480,Poland,2000,0.13907082,Eating
4481,Poland,2001,0.14118288,Eating
4482,Poland,2002,0.14346926,Eating
4483,Poland,2003,0.14587799,Eating
4484,Poland,2004,0.14830156,Eating
4485,Poland,2005,0.15085414,Eating
4486,Poland,2006,0.15366651,Eating
4487,Poland,2007,0.15659137,Eating
4488,Poland,2008,0.15968096,Eating
4489,Poland,2009,0.16253358,Eating
4490,Poland,2010,0.16522764,Eating
4491,Poland,2011,0.16778192,Eating
4492,Poland,2012,0.17050603,Eating
4493,Poland,2013,0.1731666,Eating
4494,Poland,2014,0.17553602,Eating
4495,Poland,2015,0.17776369,Eating
4496,Poland,2016,0.18004344,Eating
4497,Poland,2017,0.18200578,Eating
4498,Poland,2018,0.18387282,Eating
4499,Poland,2019,0.18609495,Eating
4620,Russia,1990,0.15237215,Eating
4621,Russia,1991,0.1501109,Eating
4622,Russia,1992,0.14774783,Eating
4623,Russia,1993,0.1452625,Eating
4624,Russia,1994,0.14294368,Eating
4625,Russia,1995,0.14048198,Eating
4626,Russia,1996,0.13750836,Eating
4627,Russia,1997,0.13394268,Eating
4628,Russia,1998,0.13069005,Eating
4629,Russia,1999,0.12819597,Eating
4630,Russia,2000,0.12728167,Eating
4631,Russia,2001,0.12772863,Eating
4632,Russia,2002,0.12883452,Eating
4633,Russia,2003,0.13043448,Eating
4634,Russia,2004,0.1321789,Eating
4635,Russia,2005,0.13393264,Eating
4636,Russia,2006,0.13595243,Eating
4637,Russia,2007,0.13857396,Eating
4638,Russia,2008,0.14136605,Eating
4639,Russia,2009,0.14415579,Eating
4640,Russia,2010,0.14660911,Eating
4641,Russia,2011,0.14887266,Eating
4642,Russia,2012,0.15121071,Eating
4643,Russia,2013,0.15350844,Eating
4644,Russia,2014,0.15558718,Eating
4645,Russia,2015,0.15740685,Eating
4646,Russia,2016,0.15927324,Eating
4647,Russia,2017,0.16057414,Eating
4648,Russia,2018,0.16121347,Eating
4649,Russia,2019,0.16156821,Eating
5040,Slovakia,1990,0.14707577,Eating
5041,Slovakia,1991,0.14494403,Eating
5042,Slovakia,1992,0.14351402,Eating
5043,Slovakia,1993,0.14205824,Eating
5044,Slovakia,1994,0.14122628,Eating
5045,Slovakia,1995,0.14076175,Eating
5046,Slovakia,1996,0.1409816,Eating
5047,Slovakia,1997,0.14166246,Eating
5048,Slovakia,1998,0.14222874,Eating
5049,Slovakia,1999,0.14258887,Eating
5050,Slovakia,2000,0.14348006,Eating
5051,Slovakia,2001,0.14446281,Eating
5052,Slovakia,2002,0.14591862,Eating
5053,Slovakia,2003,0.14741059,Eating
5054,Slovakia,2004,0.14925972,Eating
5055,Slovakia,2005,0.15122125,Eating
5056,Slovakia,2006,0.15345936,Eating
5057,Slovakia,2007,0.1560524,Eating
5058,Slovakia,2008,0.15914044,Eating
5059,Slovakia,2009,0.1620102,Eating
5060,Slovakia,2010,0.16429439,Eating
5061,Slovakia,2011,0.16675645,Eating
5062,Slovakia,2012,0.16867748,Eating
5063,Slovakia,2013,0.17076997,Eating
5064,Slovakia,2014,0.17259449,Eating
5065,Slovakia,2015,0.17460677,Eating
5066,Slovakia,2016,0.17710134,Eating
5067,Slovakia,2017,0.17899124,Eating
5068,Slovakia,2018,0.1810499,Eating
5069,Slovakia,2019,0.18270175,Eating
5850,Ukraine,1990,0.13016663,Eating
5851,Ukraine,1991,0.12800972,Eating
5852,Ukraine,1992,0.12563737,Eating
5853,Ukraine,1993,0.12302267,Eating
5854,Ukraine,1994,0.120182596,Eating
5855,Ukraine,1995,0.11754974,Eating
5856,Ukraine,1996,0.11404076,Eating
5857,Ukraine,1997,0.10979703,Eating
5858,Ukraine,1998,0.1057233,Eating
5859,Ukraine,1999,0.102559105,Eating
5860,Ukraine,2000,0.10122647,Eating
5861,Ukraine,2001,0.10167394,Eating
5862,Ukraine,2002,0.102477804,Eating
5863,Ukraine,2003,0.1031663,Eating
5864,Ukraine,2004,0.1045638,Eating
5865,Ukraine,2005,0.105426505,Eating
5866,Ukraine,2006,0.1069271,Eating
5867,Ukraine,2007,0.109056376,Eating
5868,Ukraine,2008,0.11132718,Eating
5869,Ukraine,2009,0.113309406,Eating
5870,Ukraine,2010,0.114740774,Eating
5871,Ukraine,2011,0.11587107,Eating
5872,Ukraine,2012,0.116908,Eating
5873,Ukraine,2013,0.118037246,Eating
5874,Ukraine,2014,0.118681595,Eating
5875,Ukraine,2015,0.11927555,Eating
5876,Ukraine,2016,0.12092872,Eating
5877,Ukraine,2017,0.12112826,Eating
5878,Ukraine,2018,0.12156914,Eating
5879,Ukraine,2019,0.121123455,Eating
